{"Training loss": 11.078376322984695, "_timestamp": 1680320248.9513655, "Validation loss": 0, "_runtime": 3.475846529006958, "_step": 1, "_wandb": {"runtime": 3}}