{"loss": 0.06472018361091614, "_timestamp": 1679319492.5589364, "_runtime": 13.341083288192749, "_step": 99, "_wandb": {"runtime": 12}}