{"Validation loss": 22191.706787109375, "_timestamp": 1680458022.73106, "Training loss": 98415.64331054688, "_runtime": 28.956874132156372, "_step": 9, "Test loss": 35627.6953125, "_wandb": {"runtime": 28}}