{"loss": 0.05086715146899223, "_timestamp": 1679320296.3925033, "_runtime": 796.1166243553162, "_step": 99, "_wandb": {"runtime": 795}}