{"Validation loss": 14930.5498046875, "_timestamp": 1680459031.8611958, "Training loss": 101483.29614257812, "_runtime": 99.50547289848328, "_step": 10, "Test loss": 32209.768798828125, "_wandb": {"runtime": 98}}