{"Training loss": 3.470855049788952, "_timestamp": 1680321554.7007844, "Validation loss": 1.2531531304121017, "_runtime": 766.0025155544281, "_step": 100, "Test loss": 3.0174378752708435, "_wandb": {"runtime": 765}}