{"Validation loss": 33523.49609375, "_timestamp": 1680458790.0957775, "Training loss": 89508.9013671875, "_runtime": 30.187150478363037, "_step": 9, "Test loss": 34106.42578125, "_wandb": {"runtime": 29}}