{"Training loss": 3.7035249769687653, "_timestamp": 1680320561.600536, "Validation loss": 0.8116137832403183, "_runtime": 56.43517017364502, "_step": 99, "Test loss": 1.181329533457756, "_wandb": {"runtime": 63}}