{"loss": 0.06219463795423508, "_timestamp": 1679857094.6057367, "_runtime": 2.3001816272735596, "_step": 99, "_wandb": {"runtime": 1}}