{"Validation loss": 6017.517517089844, "_timestamp": 1680565641.6455686, "Training loss": 23805.3056640625, "_runtime": 20761.05850172043, "_step": 999, "Test loss": 6406.12353515625, "_wandb": {"runtime": 20760}}