{"Validation loss": 18537.90234375, "_timestamp": 1680489597.0729778, "Training loss": 75166.53100585938, "_runtime": 494.75503277778625, "_step": 99, "Test loss": 19000.76513671875, "_wandb": {"runtime": 494}}