{"Validation loss": 32264.858154296875, "_timestamp": 1680458181.1422708, "Training loss": 91908.03344726562, "_runtime": 29.489287853240967, "_step": 9, "Test loss": 39497.49609375, "_wandb": {"runtime": 28}}