{"Validation loss": 25988.558837890625, "_timestamp": 1680456142.7235374, "Training loss": 92892.9765625, "_runtime": 932.2620694637299, "_step": 99, "Test loss": 24698.10986328125, "_wandb": {"runtime": 1023}}