{"Training loss": 12.453573167324066, "_timestamp": 1680320285.7752116, "Validation loss": 0, "_runtime": 4.664246559143066, "_step": 1, "_wandb": {"runtime": 4}}