{"Training loss": 10.965120881795883, "_timestamp": 1680320473.2951002, "Validation loss": 0, "_runtime": 4.3238911628723145, "_step": 2, "_wandb": {"runtime": 4}}