{"Training loss": 10.072669327259064, "_timestamp": 1680320203.4290283, "Validation loss": 0, "_runtime": 8.576903343200684, "_step": 8, "_wandb": {"runtime": 8}}