{"Validation loss": 18096.65625, "_timestamp": 1680460309.4862702, "Training loss": 93336.15307617188, "_runtime": 1242.5812571048737, "_step": 100, "Test loss": 25121.734619140625, "_wandb": {"runtime": 1241}}