{"loss": 0.3952224552631378, "_timestamp": 1679857106.8510132, "_runtime": 7.498939275741577, "_step": 0}