{"Validation loss": 33576.55859375, "_timestamp": 1680458305.2364986, "Training loss": 103984.95043945312, "_runtime": 29.684120655059814, "_step": 9, "Test loss": 31504.85302734375, "_wandb": {"runtime": 28}}