{"Validation loss": 6236.907653808594, "_timestamp": 1680546414.611351, "Training loss": 23256.577880859375, "_runtime": 1961.2702460289001, "_step": 999, "Test loss": 6555.119140625, "_wandb": {"runtime": 1960}}