{"Validation loss": 4876.08447265625, "_timestamp": 1680462291.6885667, "Training loss": 39125.736328125, "_runtime": 15.937960624694824, "_step": 99, "Test loss": 3520.668701171875, "_wandb": {"runtime": 15}}