{"loss": 0.0679691955447197, "_timestamp": 1679857016.203101, "_runtime": 2.3095459938049316, "_step": 99, "_wandb": {"runtime": 1}}