{"loss": 0.06681226193904877, "_timestamp": 1679856834.20155, "_runtime": 3.9142839908599854, "_step": 99, "_wandb": {"runtime": 2}}