{"Training loss": 3.9001076072454453, "_timestamp": 1680320101.903881, "Validation loss": 0, "_runtime": 53.61755013465881, "_step": 99, "_wandb": {"runtime": 53}}