{"Validation loss": 6196.57763671875, "_timestamp": 1680462676.3633935, "Training loss": 39186.672119140625, "_runtime": 16.974839448928833, "_step": 99, "Test loss": 5538.49560546875, "_wandb": {"runtime": 14}}