{"Validation loss": 25856.967041015625, "_timestamp": 1680457718.2275882, "Training loss": 88847.9921875, "_runtime": 456.6297302246094, "_step": 99, "Test loss": 24467.8828125, "_wandb": {"runtime": 455}}