{"Validation loss": 17466.0, "_timestamp": 1680491766.645039, "Training loss": 75423.84008789062, "_runtime": 2108.601525068283, "_step": 99, "Test loss": 18688.599853515625, "_wandb": {"runtime": 2108}}