{"Validation loss": 18102.41015625, "_timestamp": 1680461963.1914465, "Training loss": 75159.42651367188, "_runtime": 407.40800762176514, "_step": 99, "Test loss": 17651.4453125, "_wandb": {"runtime": 406}}