{"Validation loss": 15254.2509765625, "_timestamp": 1680541191.1582713, "Training loss": 81742.47338867188, "_runtime": 402.99422121047974, "_step": 99, "Test loss": 19196.97119140625, "_wandb": {"runtime": 402}}