{"Training loss": 12.05937397480011, "_timestamp": 1680320391.4918892, "Validation loss": 0, "_runtime": 4.698172330856323, "_step": 2, "_wandb": {"runtime": 4}}