{"Validation loss": 15613.7587890625, "_timestamp": 1680460885.7329419, "Training loss": 79812.70166015625, "_runtime": 410.2256588935852, "_step": 99, "Test loss": 18714.78125, "_wandb": {"runtime": 944}}