{"Validation loss": 36192.09814453125, "_timestamp": 1680458900.882175, "Training loss": 94853.18359375, "_runtime": 32.0093789100647, "_step": 9, "Test loss": 33664.94873046875, "_wandb": {"runtime": 31}}