{"Validation loss": 15215.27001953125, "_timestamp": 1680543414.469978, "Training loss": 73421.35498046875, "_runtime": 1939.2480540275574, "_step": 99, "Test loss": 20321.6328125, "_wandb": {"runtime": 1938}}