{"Validation loss": 35281.01171875, "_timestamp": 1680457944.358515, "Training loss": 91140.51953125, "_runtime": 31.74203610420227, "_step": 9, "Test loss": 16968.247314453125, "_wandb": {"runtime": 28}}