{"Validation loss": 4862.71337890625, "_timestamp": 1680462409.7970932, "Training loss": 39010.6591796875, "_runtime": 11.763220071792603, "_step": 99, "Test loss": 3486.011962890625, "_wandb": {"runtime": 11}}