{"Validation loss": 4986.841705322266, "_timestamp": 1680565074.1278985, "Training loss": 18112.42108154297, "_runtime": 18031.36994457245, "_step": 9999, "Test loss": 3865.921875, "_wandb": {"runtime": 18030}}